<Page xmlns="http://schemas.nativescript.org/tns.xsd" class="page start-page-no-img" loaded="pageLoaded" actionBarHidden="true">

<ScrollView>
	<GridLayout columns="*" rows="auto, *">
		<Image src="~/images/beer-new-lg.jpg" col="0" row="0" class="login-image" />
		<StackLayout col="0" row="1">
			<Label text="Snap a pic of a drink menu and Hoppy will provide you Untappd ratings for each beer" textWrap="true" class="start-text" />
			<Label text="&#xf2f6;" class="fa-solid fa-icon m-t-20" tap="openBrowser" />
			<Label text="Get started by logging into Untappd" class="start-text-login" />
		</StackLayout>
	</GridLayout>
</ScrollView>

</Page>