{
    "using_ios": true,
    "using_android": true,
    "firestore": false,
    "realtimedb": false,
    "remote_config": false,
    "messaging": false,
    "crashlytics": true,
    "crash_reporting": false,
    "storage": false,
    "facebook_auth": false,
    "google_auth": false,
    "admob": false,
    "invites": false,
    "ml_kit": true,
    "ml_kit_text_recognition": true,
    "ml_kit_barcode_scanning": true,
    "ml_kit_face_detection": false,
    "ml_kit_image_labeling": false,
    "ml_kit_custom_model": false
}