{
  "project_info": {
    "project_number": "663311805908",
    "firebase_url": "https://hoppy-d1f32.firebaseio.com",
    "project_id": "hoppy-d1f32",
    "storage_bucket": "hoppy-d1f32.appspot.com"
  },
  "client": [
    {
      "client_info": {
        "mobilesdk_app_id": "1:663311805908:android:16d4b71b5d861231",
        "android_client_info": {
          "package_name": "org.nativescript.hoppy"
        }
      },
      "oauth_client": [
        {
          "client_id": "663311805908-i57uagvqi5t6196i15ukc71fs40i715r.apps.googleusercontent.com",
          "client_type": 3
        },
        {
          "client_id": "663311805908-i57uagvqi5t6196i15ukc71fs40i715r.apps.googleusercontent.com",
          "client_type": 3
        }
      ],
      "api_key": [
        {
          "current_key": "AIzaSyD_sj2n-PjYJVKk-ZsywUfIy-k445dxoYA"
        }
      ],
      "services": {
        "analytics_service": {
          "status": 1
        },
        "appinvite_service": {
          "status": 1,
          "other_platform_oauth_client": []
        },
        "ads_service": {
          "status": 2
        }
      }
    }
  ],
  "configuration_version": "1"
}